{"P": ["1", "2", "3", "4", "5", "6", "7", "8", "9", "10", "11", "12", "13", "14", "15", "16", "17", "18", "19", "20", "21", "22", "23", "24", "25", "26", "27", "28", "29", "30", "31", "32", "33", "34", "35", "36", "37", "38", "39", "40", "41", "42", "43", "44", "45", "46", "47", "48", "49", "50", "51", "52", "53", "54", "55", "56", "57", "58", "59", "60", "61", "62", "63", "64", "65", "66", "67", "68", "69", "70", "71", "72", "73", "74", "75", "76", "77", "78", "79", "80", "81", "82", "83", "84", "85", "86", "87", "88", "89", "90", "91", "92", "93", "94", "95", "96", "97", "98", "99"],
 "E": {"1": ["1", "34", "39", "42", "68", "85", "6", "10", "12", "14", "24", "51", "53", "64", "69", "71", "77", "80", "92", "93"],
 "34": ["34", "7", "18", "21", "26", "38", "82", "83", "88", "92", "93", "94", "40", "56", "62", "63", "92"],
 "39": ["39", "5", "15", "20", "29", "31", "40", "43", "49", "51", "54", "65", "69", "73", "74", "48", "53", "77", "87", "98"],
 "42": ["42", "11", "25", "28", "48", "51", "64", "75", "77", "78", "80", "94", "62", "72", "74", "89", "94"],
 "68": ["68", "10", "17", "21", "27", "32", "45", "47", "49", "60", "71", "71", "75"],
 "85": ["85", "8", "10", "48", "59", "65", "66", "69", "88", "93"],
 "2": ["2", "7", "12", "19", "20", "21", "26", "50", "59", "61", "73", "91", "95", "10", "22", "36", "41", "53", "58", "62", "77", "87", "91"],
 "7": ["7", "24", "30", "37", "42", "44", "51", "52", "66", "78", "85", "87", "95", "96", "8", "19", "34", "36", "48", "54", "56", "59", "67", "77", "82", "84", "95"],
 "12": ["12", "1", "26", "44", "48", "51", "57", "67", "68", "77", "86", "89", "98", "18", "23", "46", "58", "63", "66", "70", "74", "82", "95", "98"],
 "19": ["19", "3", "7", "14", "16", "22", "28", "45", "46", "61", "83", "95", "28", "46", "51", "53", "69", "70", "78"],
 "20": ["20", "8", "24", "37", "48", "64", "66", "77", "93", "23", "39", "45", "46", "47", "56", "65", "73", "75", "88", "90", "93", "95"],
 "21": ["21", "6", "9", "57", "64", "68", "74", "76", "22", "29", "31", "33", "34", "58", "61", "68", "70", "76", "87", "90"],
 "26": ["26", "8", "24", "25", "59", "61", "77", "99", "34", "37", "38", "46", "53", "55", "69", "70", "78", "82", "84", "94"],
 "50": ["50", "8", "24", "30", "40", "45", "48", "62", "72", "81", "86", "99", "65", "82"],
 "59": ["59", "7", "15", "18", "41", "54", "56", "70", "76", "84", "70", "75", "85", "89"],
 "61": ["61", "21", "31", "41", "43", "44", "51", "54", "55", "65", "66", "69", "73", "76", "77", "82", "90", "66", "72", "77", "81", "93"],
 "73": ["73", "8", "11", "20", "24", "45", "54", "56", "65", "71", "78", "79", "88", "78", "87", "97"],
 "91": ["91", "2", "6", "32", "43", "51", "54", "58", "89", "92", "96", "97"],
 "95": ["95", "7", "12", "20", "33", "45", "49", "67", "71", "81", "88", "94", "97"],
 "3": ["3", "11", "21", "33", "35", "36", "50", "58", "60", "64", "83", "93", "95", "6", "10", "19", "32", "64", "70", "82", "86", "89", "97"],
 "11": ["11", "41", "46", "47", "55", "59", "64", "83", "92", "97", "16", "42", "43", "49", "65", "69", "70", "73", "86", "96"],
 "33": ["33", "6", "9", "14", "16", "21", "30", "31", "38", "43", "64", "66", "67", "82", "84", "92", "37", "44", "49", "53", "62", "72", "84", "95"],
 "35": ["35", "23", "32", "36", "49", "59", "61", "66", "70", "80", "85", "86", "90", "94", "97", "62", "94"],
 "36": ["36", "2", "5", "7", "9", "18", "41", "51", "72", "81", "92", "95", "98", "37", "40", "63", "75", "80", "93"],
 "58": ["58", "2", "4", "8", "9", "12", "15", "21", "27", "28", "37", "43", "49", "55", "56", "59", "66", "70", "86", "88", "69", "75", "83", "91"],
 "60": ["60", "18", "43", "53", "62", "78", "83", "86", "97", "68", "71", "98"],
 "64": ["64", "1", "3", "14", "15", "18", "30", "40", "53", "75", "90", "75", "88", "89", "92"],
 "83": ["83", "23", "28", "32", "46", "58", "69", "75", "76", "81", "92", "96", "93", "94", "97"],
 "93": ["93", "1", "15", "17", "20", "32", "36", "47", "51", "52", "61", "83", "85", "92"],
 "4": ["4", "5", "26", "31", "34", "48", "57", "65", "89", "8", "29", "41", "55", "58", "99"],
 "5": ["5", "25", "28", "31", "36", "51", "57", "71", "72", "76", "79", "82", "83", "96", "99", "6", "15", "24", "36", "39", "52", "54", "72", "76"],
 "31": ["31", "21", "32", "36", "41", "51", "58", "59", "62", "63", "64", "66", "75", "80", "85", "92", "94", "33", "37", "39", "45", "61", "62", "67"],
 "48": ["48", "7", "14", "27", "29", "32", "39", "41", "54", "58", "64", "65", "66", "71", "73", "94", "99", "50", "57", "85", "87", "94"],
 "57": ["57", "29", "37", "45", "47", "48", "49", "59", "62", "87", "91", "72", "84", "88", "97"],
 "65": ["65", "11", "20", "25", "27", "37", "50", "68", "69", "73", "80", "81", "86", "96", "73", "74", "79", "80", "85", "86"],
 "89": ["89", "3", "18", "24", "42", "53", "56", "59", "62", "64", "71", "84", "87", "92", "94", "97", "91"],
 "25": ["25", "10", "45", "46", "65", "71", "72", "79", "80", "82", "86", "94", "98", "26", "30", "32", "42", "65", "67", "71", "77", "78", "84", "86", "88", "94", "96", "98"],
 "28": ["28", "19", "35", "47", "51", "61", "65", "88", "42", "44", "49", "55", "58", "77", "80", "83", "97"],
 "51": ["51", "1", "10", "19", "49", "52", "59", "69", "77", "78", "86", "90", "53", "61", "81", "86", "91", "93", "97"],
 "71": ["71", "1", "16", "17", "25", "29", "60", "62", "63", "68", "88", "90", "73", "81", "87", "89", "92", "95"],
 "72": ["72", "5", "10", "33", "42", "44", "47", "57", "61", "75", "87", "96", "75", "82", "92", "94"],
 "76": ["76", "5", "6", "14", "21", "27", "43", "55", "70", "78", "88", "99", "83", "84", "87", "92", "94", "96"],
 "79": ["79", "15", "16", "41", "63", "65", "70", "83", "85", "80", "84", "94", "97"],
 "82": ["82", "3", "7", "12", "26", "32", "41", "50", "52", "66", "72", "74", "84", "92", "95"],
 "96": ["96", "10", "11", "25", "29", "38", "40", "45", "53", "54", "76", "87", "99"],
 "99": ["99", "4", "24", "27", "37", "54", "74", "77", "96", "97"],
 "6": ["6", "1", "3", "5", "13", "15", "33", "75", "79", "80", "85", "95", "15", "21", "27", "33", "40", "44", "76", "90", "91"],
 "13": ["13", "35", "36", "45", "47", "49", "53", "57", "60", "72", "86", "15", "46", "62", "90", "94", "98"],
 "15": ["15", "5", "6", "9", "13", "17", "21", "30", "33", "34", "35", "39", "45", "48", "52", "66", "69", "86", "94", "27", "39", "56", "58", "59", "63", "64", "66", "79", "93"],
 "75": ["75", "20", "22", "36", "55", "58", "59", "64", "68", "72", "78", "83", "88", "89", "99", "78", "81", "83", "94"],
 "80": ["80", "1", "27", "28", "36", "44", "46", "65", "79", "84", "89", "90", "93"],
 "24": ["24", "1", "5", "17", "23", "35", "46", "48", "53", "88", "92", "95", "96", "97", "26", "32", "50", "70", "73", "88", "89", "92", "99"],
 "30": ["30", "25", "32", "56", "65", "83", "86", "87", "90", "33", "47", "50", "64", "81", "84"],
 "37": ["37", "18", "26", "31", "33", "36", "40", "43", "73", "74", "81", "43", "45", "53", "56", "57", "58", "65", "70", "87", "90", "99"],
 "44": ["44", "6", "28", "33", "41", "45", "47", "50", "54", "55", "71", "75", "87", "93", "98", "61", "72", "80", "84", "98"],
 "52": ["52", "5", "54", "55", "60", "88", "74", "82", "93", "94"],
 "66": ["66", "8", "12", "15", "40", "54", "55", "61", "70", "73", "76", "96", "74", "82", "85"],
 "78": ["78", "9", "19", "25", "26", "73", "74", "75", "79", "86", "97"],
 "87": ["87", "2", "8", "16", "21", "22", "37", "38", "39", "45", "48", "63", "71", "73", "74", "76", "88", "89", "96"],
 "8": ["8", "4", "7", "9", "11", "18", "23", "24", "41", "43", "47", "62", "77", "80", "88", "94", "98", "14", "18", "20", "26", "38", "50", "56", "58", "66", "69", "73", "85", "87", "94"],
 "9": ["9", "21", "44", "50", "52", "53", "54", "56", "59", "64", "93", "94", "14", "15", "21", "33", "36", "43", "47", "58", "70", "77", "78"],
 "18": ["18", "8", "12", "20", "21", "39", "49", "57", "71", "83", "86", "90", "93", "94", "32", "34", "36", "37", "56", "59", "60", "63", "64", "67", "89"],
 "23": ["23", "12", "20", "24", "27", "39", "45", "47", "51", "57", "67", "84", "89", "97", "24", "35", "46", "53", "83"],
 "41": ["41", "2", "4", "16", "32", "47", "49", "53", "59", "68", "69", "70", "79", "89", "93", "44", "45", "46", "48", "54", "59", "61", "79", "82", "84"],
 "43": ["43", "9", "11", "16", "22", "29", "37", "50", "56", "68", "73", "76", "79", "80", "87", "55", "58", "60", "61", "76", "91"],
 "47": ["47", "9", "20", "30", "65", "82", "89", "94", "98", "57", "68", "72", "93"],
 "62": ["62", "2", "13", "31", "33", "34", "35", "40", "42", "46", "73", "75", "79", "96", "63", "71", "89"],
 "77": ["77", "1", "2", "7", "9", "25", "28", "39", "53", "61", "78", "85", "87", "94", "81", "92", "99"],
 "88": ["88", "20", "24", "25", "32", "45", "46", "57", "64", "87", "94", "95", "97"],
 "94": ["94", "8", "13", "25", "26", "29", "35", "42", "48", "52", "56", "63", "70", "72", "75", "76", "79", "83", "92", "95"],
 "98": ["98", "12", "13", "14", "25", "27", "39", "40", "44", "60", "69"],
 "53": ["53", "1", "2", "16", "19", "23", "26", "27", "29", "33", "37", "39", "40", "51", "58", "62", "74", "85", "93", "96", "60", "63", "64", "77", "89", "90", "96", "97"],
 "54": ["54", "5", "7", "41", "46", "77", "98", "59", "61", "66", "73", "91", "92", "96", "97", "99"],
 "56": ["56", "7", "8", "15", "17", "18", "20", "34", "37", "38", "49", "59", "66", "72", "73", "78", "92", "58", "59", "63", "73", "84", "86", "89", "92", "94"],
 "10": ["10", "1", "2", "3", "15", "19", "50", "53", "68", "70", "71", "98", "25", "29", "49", "51", "67", "68", "72", "74", "85", "96"],
 "70": ["70", "3", "9", "11", "12", "17", "19", "21", "22", "24", "26", "32", "37", "59", "71", "75", "78", "81", "91", "92", "76", "79", "94"],
 "46": ["46", "12", "13", "19", "20", "23", "26", "41", "45", "66", "75", "79", "90", "92", "96", "99", "49", "54", "55", "62", "69", "80", "83", "88"],
 "55": ["55", "4", "26", "28", "40", "43", "46", "67", "69", "70", "85", "89", "58", "61", "66", "75", "76", "86"],
 "92": ["92", "1", "14", "24", "34", "40", "54", "56", "64", "67", "71", "72", "74", "76", "77", "95", "93", "94"],
 "97": ["97", "3", "28", "32", "51", "53", "54", "57", "73", "78", "79", "83", "88", "95", "99"],
 "67": ["67", "7", "10", "18", "25", "31", "38", "40", "49", "91", "92", "95"],
 "86": ["86", "3", "11", "14", "25", "51", "55", "56", "65", "78", "92", "90"],
 "45": ["45", "20", "29", "31", "37", "41", "76", "84", "87", "92", "97", "46", "50", "57", "68", "73", "74", "87", "88", "95", "96"],
 "49": ["49", "10", "11", "28", "33", "46", "64", "74", "77", "89", "92", "94", "96", "51", "56", "57", "58", "67", "68", "81", "90", "95"],
 "14": ["14", "1", "8", "9", "17", "23", "33", "55", "66", "74", "96", "19", "33", "48", "64", "76", "81", "86", "92", "98"],
 "17": ["17", "21", "40", "47", "58", "72", "73", "78", "81", "83", "90", "24", "56", "68", "70", "71", "93"],
 "74": ["74", "10", "12", "42", "45", "52", "65", "66", "88", "78", "82", "87", "90", "92", "99"],
 "69": ["69", "1", "8", "11", "19", "22", "26", "29", "46", "58", "74", "93", "83", "84", "85", "98"],
 "16": ["16", "11", "17", "41", "44", "54", "55", "56", "66", "71", "87", "88", "99", "19", "22", "33", "41", "43", "53", "71", "79", "87"],
 "40": ["40", "6", "29", "34", "36", "51", "55", "72", "74", "88", "50", "53", "55", "62", "64", "66", "67", "92", "96", "98"],
 "81": ["81", "14", "29", "30", "49", "51", "61", "71", "75", "77", "84", "83", "95"],
 "90": ["90", "6", "13", "20", "21", "27", "37", "49", "53", "74", "86"],
 "22": ["22", "2", "16", "21", "26", "28", "38", "57", "59", "85", "86", "97", "43", "69", "70", "75", "87"],
 "38": ["38", "8", "26", "29", "32", "40", "48", "49", "59", "66", "69", "81", "99", "56", "67", "87", "96"],
 "27": ["27", "6", "15", "30", "42", "54", "59", "70", "75", "77", "84", "91", "48", "53", "58", "65", "68", "76", "80", "90", "98", "99"],
 "84": ["84", "7", "25", "26", "29", "30", "32", "33", "41", "44", "56", "57", "69", "76", "79", "87", "89"],
 "29": ["29", "4", "10", "21", "67", "68", "72", "94", "38", "39", "40", "43", "45", "48", "53", "57", "69", "71", "81", "84", "94", "96"],
 "32": ["32", "3", "18", "24", "25", "39", "56", "66", "85", "89", "95", "97", "35", "38", "41", "48", "68", "70", "82", "83", "84", "88", "91", "93", "97"],
 "63": ["63", "12", "15", "18", "34", "36", "53", "56", "62", "64", "73", "78", "84", "71", "79", "87", "94"]}}
